id,name,email,address,date_joined
1,Marcus Hoffman,hullclaire@example.org,"845 Christina Stream Brookehaven, OR 99700",2022-09-12
2,Katherine Lopez,meyermark@example.org,"67808 Evans Creek Apt. 211 Lake Bradleyberg, NM 93231",2020-08-02
3,Dennis Cox,christina63@example.com,"62830 Manuel Station West Annehaven, TX 01882",2020-11-21
4,Sean Thompson,plloyd@example.com,"81615 Jeremy Trail Apt. 297 Tuckerberg, AZ 58306",2023-09-29
5,Lori Gonzalez,xvaldez@example.net,"9992 Caleb Tunnel Apt. 334 Dianafort, WI 34235",2022-02-06
6,Christopher Weeks,olivia02@example.org,"996 Lindsay Junctions Sharonfurt, NV 15978",2021-08-24
7,Michael Schultz,alexis47@example.org,"391 Luis Falls Murphytown, MO 31328",2022-06-26
8,Kimberly Long,xjennings@example.com,USNV Robinson FPO AE 59844,2023-03-17
9,Robin Harris,cmccormick@example.org,"7438 Price Forges Apt. 147 East Michaelbury, KY 10208",2021-02-07
10,Suzanne Brown,pchavez@example.org,"095 Mann Circle West Robert, MO 39826",2023-01-22
